0;Babylon;Cra. 41 # 9 - 22;Parque Lleras;Discoteca;La discoteca Babylon es uno de los clubs más populares de la zona del Poblado de Medellín. Famoso por sus Ladies Night de los jueves y ahora ubicado muy cerca del Parque Lleras, este lugar es uno de los que seguro le recomendarán cuando pregunte por una disco que debe visitar en la ciudad.;Crossover;$$;Jueves a Sábado: 10PM a 4AM;4.1;https://www.facebook.com/babylonmedellin;3006094262;Sur;6.22085117;-75.58603909
1;Bar El Blue;Cl. 10 # 40-20;Parque Lleras;Bar;Somos los que marcamos la diferencia, los que llenamos de energía tu corazón y tu vida con música, somos la respuesta a la saturación del mercado, somos el Blue, tu segunda casa.;Rock;$$;Viernes a Sábado: 9PM a 4AM;4.6;https://www.facebook.com/bluemedellin/;3015800005;Norte;6.217487409;-75.5895285
2;Bendito Seas;Cl 10A # 38-21;Parque Lleras;Discoteca - Fonda;Bendito Seas en un excelente lugar para salir de rumba. Ir es garantizar querer volver. El espacio es agradable, es amplio, con una iluminación neutra que permite sentirse cómo con poca luz pero sin dejar de ver como a veces sucede y la música permite ambientar la noche de la mejor manera. ;Crossover;$$$;Jueves a Domingo: 10PM a 4AM;4.1;https://www.facebook.com/bendito.fonda/?rf=137720426301610;320 6664185;Sur;6.214754337;-75.59604912
3;Buena Vista;Cra. 37 # 8a-33;Parque Lleras;Bar;Somos la revolución de la rumba en Medellín · Bar de salsa y música latina Vía Primavera;Salsa;$$;Miércoles a Sábado: 7PM a 3AM;4.4;https://www.facebook.com/buenavista.bar.1/;3044221164;Sur;6.207676315;-75.57479542
4;Calle Jardín;Carrera 43 #  31 Sur 29;Envigado;Bar - Restaurante;La mejor rumba paisa del Valle de Aburrá, contamos con los mejores licores y bebidas, además podrás encontrar lo mejor de la comida criolla;Crossover;$$;Lunes a Domingo: 12PM a 2AM;4.6;http://www.callejardin.com/;;Sur;6.205643994;-75.57560609
5;Club Perro Negro;Cra. 35 # 7-83;Vía Provenza;Discoteca;Nadie vuelve a ser el mismo después de bailar una noche en El Perro Negro.;Urbana;$$$;Jueves a Sábado: 10PM a 4AM;4.3;;;Sur;6.205784154;-75.58036438
6;Cuchitril;Cl. 10 # 52-87;Campo Amor;Bar;Un bar que mezcla salsa con otros ritmos durante la noche.;Salsa;$$;Viernes a Domingo: 8PM a 4AM;4.4;https://www.facebook.com/cuchitrilmedellin/?rf=385472278245954;3137456349;Sur;6.221692108;-75.58392429
7;DANCEFREE;Calle 10A # 40-27;Parque Lleras;Bar - Discoteca;Destino popular para clases, eventos y shows de baile en Medellín, Colombia. Ubicado en el barrio El Poblado, a 2 cuadras del sitio turístico popular Parque Lleras. Clases privadas diarias, 9 AM - 7 PM, en variedad de ritmos, incluso Salsa y Bachata. Clases de Salsa/Bachata los noches, 8 - 9:30 PM. Noche Salsa/Bachata semanal, clase gratis seguida por rumba, 9:30 PM - 2 AM.;Salsa;$;Lunes a Domingo: 9PM a 4AM;4.9;https://www.dancefree.com.co/;3162887063;Norte;6.222533043;-75.59798769
8;Discoteca Amarna;Cra 43G #27-10;Colombia;Bar;Discoteca Amarna, tiene a disposición para sus clientes la mejor rumba crossover, contamos con varios servicios para que vivan una experiencia única e inolvidable.;Crossover;$$;Sábados: 9PM a 4AM;4.6;https://www.amarnaunica.com/;3185505050;Norte;6.220010232;-75.59788195
9;Discoteca Bless;Cra 43G # 24-15;Colombia;Discoteca;LO MEJOR DE LA RUMBA CROOSOVER EN UN SECTOR EXCLUSIVO DE LA CIUDAD DE MEDELLIN , PRECIOS MUY COMODOS;Crossover;$$$;Jueves a Sábado: 6PM a 4AM;4.8;https://www.facebook.com/BlessDiscoteca/;3137979026;Norte;6.235427222;-75.59495648
10;Discoteca Bolivar;Calle 10 # 40 – 30;Parque Lleras;Discoteca;En Medellín la capital mundial del Reggaetón por adopción, se encuentra Bolivar, un espacio que respira el sabor y calentura latina y que invita a bailar con cada beat que suena. En su patio abierto sus paredes y pisos llenos de color son testigos del baile fogoso y sin medida del ritmo latino que está contagiando al mundo. Aquí suena el Reggaeton que sonó, que suena y que sonará. Si alguien quiere saber que es PERREO, a Bolivar tiene que llegar.;Urbana;$$$;Jueves a Sábado: 10PM a 4AM;4.3;;;Norte;6.240963212;-75.57595855
11;Discoteca Brutal;Carrera 70Cq. 2 #19;La 70;Discoteca;Perreo serio;Urbana;$$;Martes a Domingo: 5PM a 4AM;4.1;;;Norte;6.222533043;-75.59798769
12;Discoteca El Suave;Calle 50 # 68-24;Estadio;Bar;Allí suena Salsa suavecita, haciéndole honor a su nombre. Música que remite a viejos amores y pone a cantar a una sola voz a quienes visitan el lugar, invitando a tomar un trago con cada canción que toca el alma. La música es selecta y de buena calidad, complaciendo a quienes aman salir a escuchar Salsa. Cuenta con dos pisos con mesas para sentarse y disfrutar de la música con su pareja o amigos, y también con una cálida pista para bailar. El público, en su mayoría mayores de 35 años, suelen ser colombianos y paisas, conocedores de la Salsa, y muchos apasionados por escucharla y bailarla.;Salsa;$$;Miércoles a Domingo: 6PM a 4AM;4.4;https://www.dancefree.com.co/diario/el-suave-discoteca-el-suave-bar-de-salsa-medellin;310 459 32 67;Norte;6.266119695;-75.57433721
13;Discoteca Luxury;Cra. 39 # 8-45;Parque Lleras;Discoteca;100% urbana;Urbana;$$$$$;Viernes a Sábado: 10PM a 4AM;4.3;;;Norte;6.288776262;-75.5728921
14;Discoteca Prizma;Cra. 39 # 8-35. Piso 2;Parque Lleras;Discoteca;Vamos a seguir demostrando que somos la mejor discoteca urbana de Medellin.;Urbana;$$$;Jueves a Sábado: 10PM a 4AM;4.3;http://www.instagram.com/discotecaprizma;;Norte;6.299146376;-75.58022339
15;Discoteca Sixttina;Cra 43A N°. 6 Sur 26;Río Sur;Discoteca;Algunos afirman que es una de las discotecas con mas tecnología de Latinoamérica, la experiencia esta dada por el DJ, VJ, Ingeniero de Luces y efectos especiales. Es una rumba basada en un estilo de vida denominado “GLAM DANCE”. Aquí el diseño, la moda, las personas vanguardistas y el tipo de música, corresponden a tendencias internacionales en su look & feel. Su bóveda en concreto vaciado a 8 mts de altura, las pantallas, el impecable sonido y el amable trato del personal de servicio, hacen que sus asistentes tilden la experiencia como “A otro nivel”.;Urbana;$$;Jueves a Sábado: 10PM a 4AM;4;www.sixttina.com;;Oriente;6.22085117;-75.58603909
16;Dulce Jesús Mío;Carrera 42 # 67A -151 ;Autopista Sur;Bar - Fonda;La mejor representación de una fonda caminera en los tiempos de antaño, enmarcada por las características de un pueblo montañero y sus personajes, ha sido durante más de 8 años el lugar ideal para disfrutar de la mejor rumba con un estilo antioqueño para más de 64.000 visitantes anuales tanto nacionales como extranjeros. La Fonda Dulce Jesús Mío Mi Pueblo se ha convertido en el lugar favorito para quienes nos visitan, disfrutando de todo lo típico de esta tierra paisa y así sentirse como en casa.;Crossover;$$$;Jueves a Sábado: 8PM a 4AM;4.5;https://fondadulcejesusmio.com/;4446022;Oriente;6.217487409;-75.5895285
17;El Cacique;Carrera 70 #44-34;La 70;Bar - Discoteca;EL MEJOR SITIO DE VALLENATOS EN MEDELLÍN;Vallenato;$$;Lunes a Domingo: 3PM a 4AM;4.6;http://elcacique.com.co/web/;;Oriente;6.214754337;-75.59604912
18;El Social;Cra. 35 # 8A - 8;Vía Provenza;Bar - Restaurante;Somos la tienda de barrio que lo pone a escuchar salsa, comer bueno y a tomar trago con los amigos, la familia o la pareja. Con el paso de las horas en el Social toda conversación se pone buena, el bonito se pone feo y el feo se pone bonito. Nuestra especialidad es mantener la esencia de cada persona en un espacio informal, sin protocolo y sin prejuicios. Venga al Social, coma, tome, ría y goce que lo que pasa en el Social se queda en el Social, tranquilo que aquí lo atendemos como en casa, como en la casa de los amigos.;Crossover;$$$$$;Lunes a Domingo: 5PM a 12AM;4.4;;;Oriente;6.207676315;-75.57479542
19;El Tíbiri bar;Cl. 44b #70-03;Laureles;Bar;En el Tibiri Bar la mejor musica afroantillana de la ciudad (salsa), allí cualquiera puede ser tu pareja de baile, entre descargas, son o guaguancos.;Salsa;$;Miércoles a Sábado: 9PM a 2AM;4.5;https://www.facebook.com/tibiri.bar/;3108495461;Oriente;6.205643994;-75.57560609
20;Encantigo Bar;Cl. 9 # 40-62;Parque Lleras;Bar;En Encantigo Bar el mejor bar de salsa y son cubano de Medellín,  ubicado en la reconocida zona rosa del poblado, el parque lleras. Ven y junto a tus familiares, amigos disfruta una noche inolvidable al mejor estilo de Cuba, con show en vivo. Visítanos y vive un ambiente de música, baile y sabor.;Salsa;$$$;Jueves a Sábado: 6PM a 4AM;4.7;https://www.facebook.com/cienfuegoscabaretmedellin;3002668878;Oriente;6.205784154;-75.58036438
21;Eslabon Prendido;Cl. 53 #55;Centro;Bar;Si te gusta la fiesta, la salsa, el son cubano, la guajira y bailar hasta morir, ven al Eslabón. La mejor rumba del centro de Medellín;Salsa;$$$$;Martes a Sábado: 7PM a 2AM;4.4;https://www.facebook.com/eleslabonprendidomedellin/;3137456349;Oriente;6.222533043;-75.59798769
22;Fonda Caballo Blanco;Cra. 45 # 75 sur 62;Sabaneta;Bar - Fonda;Para Beber, Gozar y Bailar ;Crossover;$$$;Lunes a Domingo: 10PM a 1AM;4.4;https://fonda-caballo-blanco.negocio.site/;;Oriente;6.222533043;-75.59798769
23;Fonda Chabela La 70;Carrera 70, Cq. 4 #6;La 70;Bar;Chabela cuenta con el mas colorido y acogedor ambiente Mexicano de la mano con la Rumba Crossover de las fondas paisas, sumado al éxtasis de una discoteca;Crossover;$$;Viernes a Sábado: 9:00PM a 4:00AM;4.4;;;Oriente;6.240963212;-75.57595855
24;Fonda La Molienda;Cl. 8 # 40-62;Parque Lleras;Bar - Fonda;Fonda La Molienda,  rincón equino ;Crossover;$$$;Lunes a Domingo: 8PM a 4AM;4.4;;;Occidente;6.222533043;-75.59798769
25;Heard From;Cra. 36 # 8A-53;Parque Lleras;Discoteca;Day & night time parties in Medellin. underground music. Techno and house club in Medellin After party in Medellin, Colombia techno house;Electronica;$$;Viernes a Domingo: 4PM a 2AM;4.5;https://www.facebook.com/heardfrom/;3163524313;Occidente;6.207676315;-75.57479542
26;Jennylao Discoteca;Carrera 70 # C2-36;Laureles;Discoteca;Un club de la ciudad donde puedes venir a aprender ritmos de baile durante la semana pero que los fines de semana es solo para disfrutar con la mejor rumba de salsa y merengue.;Salsa;$$;Viernes a Sábado: 9PM a 4AM;4.4;https://www.farrasnorte.com/jennylao/;3192841441;Occidente;6.205643994;-75.57560609
27;Juan Bala;Cra. 38 # 8 - 95;Parque Lleras;Bar;Es un lugar espectacular donde además de una buena picada, unos buenos nachos, podrás celebrar al ritmo de la música, unos buenos tragos;Crossover;$$$;Viernes a Sábado: 9PM a 4AM;4.3;;;Occidente;6.205784154;-75.58036438
28;Kukaramakara;L723, Av. El Poblado #6S-26;Río Sur;Bar - Discoteca;Ser lideres en el campo del entretenimiento ,siendo nuestro objetivo principal la, exclusividad, calidad, seguridad, creatividad y diversión. Esas son las palabras que describen y nos definen sobre nuestros propósitos en nuestro campo..;Crossover;$$$;Viernes a Sábado: 10PM a 2AM;4.3;https://kukaramakara.com/Sedes/Medellin/;;Occidente;6.221692108;-75.58392429
29;La Chula Medellín;Km 3 Vía Las Palmas;Vía Las Palmas;Bar;Mariachi y shows en vivo cada noche, la mejor compañía y la rumba crossover mas famosa de Colombia, ahora en la ciudad más linda del país, La Chula Medellin, rumba, tequila, mariachi y puritito corazón! te esperamos!;Crossover;$$$$;Miércoles a Domingo: 8PM a 4AM;4.6;https://www.lachula.com.co/;;Occidente;6.222533043;-75.59798769
30;La Clinica;Calle 8 # 37A - 41;Parque Lleras;Bar;Vamos a seguir demostrando que somos la mejor discoteca urbana de Medellin.;Urbana;$$$;Viernes a Sábado: 9:00PM a 4:00AM;3.5;;;Occidente;6.285903424;-75.55868771
31;La Oculta;Carrera 35 # 7-114;Vía Provenza;Discoteca;La Oculta es su Salón de Baile secreto donde solo los invitados más selectos tienen la oportunidad de bailar y tu puedes ser uno de ellos.;Crossover;$$$;Jueves a Sábado: 10PM a 4AM;3.8;https://www.facebook.com/laoculta.mde;;Occidente;6.28289043;-75.55780655
32;La Parranda de la Playa;Calle 52 # 45 - 14;Parque Berrío;Discoteca;Una de las mejores rumbas crossover que puedes encontrar en la ciudad donde se presentan diferentes shows en vivo para todo el mundo, además ofrecemos una gran variedad de cocteles y tragos para que no pases la noche en seco.;Crossover;$$;Martes a Domingo: 5PM a 4AM;4.1;https://www.farrasnorte.com/laparranda/;3006955625;Occidente;6.276443966;-75.55389417
33;La Tienda de Tocayo;Calle 69S # 44 - 40;Sabaneta;Bar - Fonda;Somos una fonda tradicional, que ilustra una antigua tienda en el parque de Sabaneta, donde podrán compartir y tomarse unos buenos tragos.;Crossover;$$;Lunes a Sábado: 6PM a 2AM;4.4;http://www.losrielesytocayo.com/;3015455;Sur;6.199199323;-75.57014867
34;Nassa Discoteca;Calle 49 # 32 - 04;Centro;Club - Discoteca;Nassa el nuevo club que hará que tu fiesta sea de otro planeta;Crossover;$$;Viernes a Sábado: 10PM a 4AM;4.4;https://www.facebook.com/NassaDiscoteca;311 3603585;Sur;6.195835423;-75.57631683
35;Primitivo;Cra. 34 # 8 a 29;Parque Lleras;Discoteca;Existe en Provenza un lugar de orígenes salvajes, donde priman los instintos y sobrevive el que más baile. ;Urbana;$$;Viernes a Sábado: 10PM a 4AM;4.1;;;Sur;6.191770682;-75.57860786
36;Salón Amador;Cra. 36 # 10 - 38;Parque Lleras;Bar - Discoteca;Un rincón bohemio y clandestino donde los sibarítas de aquel entonces celebraban excéntricamente sin desdén.;Crossover;$$$;Miércoles a Sábado: 10PM a 4AM;4.2;http://salonamador.com/;;Sur;6.189107559;-75.590204
37;Salón Málaga;Cra. 51 #45-80;Centro;Bar musical;El Salón Málaga es uno de esos lugares donde la vieja bohemia de café y tertulia se combina con el ambiente de los bares modernos. El sitio exhala poesía y añoranzas, el lugar predilecto de los medellinenses que gustan departir con la música de antaño. Su ambientación, sus fotografías, sus obras, sus clientes, pero especialmente su música, lo convierten en un lugar donde es posible vivir el pasado de aquella ciudad de los tranvías, las mulas y las pianolas. Todo eso, en pleno centro a un paso del Metro.;Clasica;$$;Lunes a Domingo: 8PM a 2AM;4.7;https://salonmalaga.com/;2312658;Sur;6.186654671;-75.58276696
38;Son Havana Bar;Carrera 73 # 44-56;Laureles;Bar;Son Havana, donde el baile, la musica en vivo,los cocteles y licores nacionales y extranjeros, los transportaran al mejor ambiente Caribeño de la Ciudad.;Salsa;$$;Martes a Sábado: 9PM a 4AM;4.6;https://www.facebook.com/sonhavana/;5869082;Sur;6.174810564;-75.58414158
39;Teatro Victoria;Carrera 35  # 8a 73;Vía Provenza;Discoteca;"¿Victoria, quien es victoria? Es un mito urbano, una leyenda; nadie tiene muy claro quien es, pero saben que existe porque ella se siente. Victoria es un sueño despierto, un enigma mágico, un suceso paranormal, un fantasma, un espíritu y una mujer con un alma como ninguna. Algunos le temen pues no la entienden, otros la aman, la buscan y la quieren encontrar, si quieres saber quien es, debes buscarla donde vivió, donde fue y donde expresó su esencia, en ese teatro enigmático que lleva su nombre, un edificio sin alma hasta que ella decidió habitarlo para siempre y hacer de él una experiencia mágica para todo aquel que se permita conectar con ella en cada una de sus salas. Super 8 y 100 Fuegos";Urbana ;$$$;Jueves a Sábado: 9PM a 4AM;4.7;;;Sur;6.165559361;-75.58875889
40;Trilogía Bar;Cra 43G # 24-08;Ciudad del Río;Bar musical;El objetivo, lograr el drenaje emocional de los visitantes a través de la música y las emociones que despierta el show en vivo. La intención, que el público asistente convirtiera el espacio en su cómplice más cercano para fabricar momentos memorables, desdibujar fronteras y conectarse con su instinto pasional. Así la puesta en escena se iría convirtiendo en el compromiso de los artistas cada noche. La música se entendería desde la tradición y no como una respuesta a la moda. El repertorio sería el alimento de un espectáculo incluyente, capaz de convertir el sentido común de la gente en un show entretenido, impecable y atemporal. Caprichoso en su mezcla de géneros y épocas TRILOGÍA BAR daría como resultado un electrocardiograma de emociones.;Crossover;$$$;Viernes a Sábado: 8PM a 3AM;4.7;https://www.trilogiabar.com/;3218035387;Oriente;6.241755795;-75.55721904
41;Vintrash;Cra. 35 # 8A-39;Parque Lleras;Bar;Vintrash es un bar upcycling de varios ambientes enfocados en música latina, indie y electrónica que esta ubicado en Medellín y Bogotá;Crossover;$$;Miércoles a Sábado: 4PM a 2AM;4.2;https://vintrash.co/;;Oriente;6.260675798;-75.54766721
42;Viva Discoteca;Cra. 74 # 49B-25;Estadio;Bar - Discoteca;Una discoteca de ambiente LGTBI donde podras pasar el mejor de los ratos con música crossover para todos los tipos de personas;Crossover;$$;Viernes a Sábado: 9PM a 4AM;4.3;https://www.facebook.com/vivaauditorium/?rf=255026671265464;2307943;Oriente;6.205643994;-75.57560609
43;Vrtice Rooftop;Cra. 43e # 11 - 32;Poblado;Bar;Summer Bar, con un concepto lounge rodeado de naturaleza. Jacuzzi, BBQ, malla flotante y una carta exclusiva de cócteles y bebidas.;Crossover;$$;Lunes a Domingo: 9PM a 4AM;4.4;https://www.facebook.com/vrtice/;3186774908;Oriente;6.205784154;-75.58036438
44;Midnight Club;Cra. 36 #10-37;Parque Lleras;Discoteca;Aquí nadie se sienta, se viene a bailar.;Urbana;$$;Miércoles a Sábado: 9PM a 3AM;4.3;https://www.facebook.com/midnight2613/;3209002315;Oriente;6.222533043;-75.59798769
45;Discoteca 70zo;Cra 70 # 05 - 18;La 70;Discoteca;En tu discoteca el 70zo te abrímos las puertas donde puedes compartir con nosotros un rato agradable y celebrar tu cumpleaños con la mejor rumba crossover;Crossover;$$;Lunes a Domingo: 9PM a 2AM;4.1;https://www.facebook.com/discoteca70zo/;310 4981944;Oriente;6.222533043;-75.59798769
46;Discoteca Tamarindo Seco;Cra 70  Circular 3 # 11;La 70;Discoteca;Discoteca Tamarindo Seco La 70 Rumba 100% Crossover hasta las 4am Abrimos Todos los Días! Integraciones, Cumpleaños;Crossover;$$;Martes a Domingo: 12PM a 4AM;4.3;http://discotecatamarindoseco.com/;300 2608080;Oriente;6.266119695;-75.57433721
47;Salsarengue la 70;Cra 70 # 47 - 16;La 70;Club - Discoteca;La Mejor Rumba de la 70 en Medellin, Mujeres Lindas, Excelente Atención y Muy buenos Precios, con artistas en vivo;Crossover;$$;Lunes a Domingo: 4PM a 4AM;4.2;https://www.facebook.com/salsarenguela70;3113104593;Oriente;6.288776262;-75.5728921
48;Bless Bar;Calle 33 # 76 - 93;Colombia;Club - Discoteca;LO MEJOR DE LA RUMBA CROOSOVER EN UN SECTOR EXCLUSIVO DE LA CIUDAD DE MEDELLIN , PRECIOS MUY COMODOS;Crossover;$$$;Jueves a Domingo: 6PM a 4AM;4.6;https://www.facebook.com/BlessDiscoteca/;313 7979026;Oriente;6.285903424;-75.55868771
49;Fonda  El Tapial;Cra. 83 #28-66;Centro;Bar;Un bar donde podras disfrutar de la mejor música para bailar pegadito bien pegaditos, tenemos shows en vivo y muy buena comida y tragos que podrás disfrutar mientras pasas una noche inolvidable.;Salsa ;$$;Jueves a Domingo: 6PM a 4AM;4.3;https://www.eltapial.com/;301 3723611;Oriente;6.28289043;-75.55780655
50;Discoteca Ibiza;Cra 43G # 25A - 55;Colombia;Discoteca;Una rumba crossover que jamás olvidaras, con los mejores dj's de la ciudad que te pondrán a bailar y gozar como nunca antes, ven y disfruta de nuestros servicios.;Crossover;$$$;Martes a Domingo: 5PM a 4AM;3.9;https://es.foursquare.com/v/ibiza-club/503ec3e3d63ed427016b2ec5;321 7191266;Norte;6.276443966;-75.55389417
51;La Octava Bar;Calle 8 #37a-49;Parque Lleras;Bar;Es un lugar increíble! Los cócteles son deliciosos y con buena cantidad de licor, tienen variedad de cervezas y el ambiente es buenísimo. La música es muy buena, es definitivamente un bar único en esta zona. Con nuestra piscina de pelotas pasarás ratos de los más agradable. Ven y disfruta de la toda la diversión que te ofrecemos.;Rock;$$;Jueves a Sábado: 9PM a 4AM;4.6;https://www.facebook.com/pages/La-Octava-Bar/206558392688599;5891010;Norte;6.22085117;-75.58603909
52;Rock Café Dalí;Calle 9 # 42-03;Parque Lleras;Bar;Un sitio único de la ciudad donde te ofrecemos un ambiente increíble, con música rock, blues y jazz para que te relajes y pases una noche agradable, disfruta de las pizzas de la casa y cervezas artesanales hechas por nosotros mismos.;Rock;$$;Martes a Domingo: 5PM a 4AM;4.5;https://www.facebook.com/Rock-Caf%C3%A9-Dal%C3%AD-1520990358216011;5814944;Norte;6.217487409;-75.5895285
53;Donde Aquellos Bar;Cra. 38 # 9A-26;Parque Lleras;Bar;Bar Gay friendly con más de 19 años de trayectoria en la ciudad de Medellín, caracterizado por estar al aire libre, excelente servicio y su amplia carta en cocteleria y Shots.;Crossover;$$;Martes a Domingo: 5PM a 4AM;4.3;https://www.facebook.com/dondeaquellosbarmedellin/;3122041;Norte;6.214754337;-75.59604912
54;Baren;Cra. 38 #1013;Parque Lleras;Bar;Apasionados por la música electrónica. Amigos, djs y buena música todos los días.;Electronica;$$;Viernes a Sábado: 9PM a 4AM;4.6;https://www.facebook.com/BarenMed/;313 6175329;Norte;6.207676315;-75.57479542
55;LaZotea Rooftop Bar;Cra. 37a # 8 - 59;Parque Lleras;Bar - Discoteca;Cerca al Lleras, encontrarás una terraza en la que disfrutarás de un ambiente enfocado en la música urbana,con deliciosos cocktail´s y sangrias, que podrás acompañar de una hookah y las personas mas bonitas de la ciudad.;Urbano;$$$;Miércoles a Domingo: 8PM a 4AM;4.5;https://www.facebook.com/LaZoteaOficial/;305 4048316;Norte;6.205643994;-75.57560609
56;La Ruana de Juana;Calle 10 # 41 - 75;Parque Lleras;Discoteca;"La Ruana de Juana Sobresale por tener una decoración alegre y divertida con un ambiente de navideño único en la ciudad, donde encontrarás la mejor rumba y las mujeres más lindas de Colombia. Nuestro lema ""Póngaselo de Ruana"" invita a todos sus cliente a disfrutar la mejor noche con un excelente servicio.  Rumba 100% crossover y con los mejores precios de la Zona Rosa.";Crossover;$$;Lunes a Domingo: 9PM a 2AM;4.2;http://www.laruanadejuana.com/;318 389 41 64;Norte;6.205784154;-75.58036438
57;La Guachafita del Lleras;Cra. 39 # 8-82;Parque Lleras;Bar - Discoteca;En la Guachafita te ofrecemos el mejor servicio para disfrutar del buen #futbol, #karaoke, tus #cumpleaños, compartir y #rumbas. Te esperamos!!!!!!!;Crossover;$$;Lunes a Domingo: 9PM a 2AM;4.3;https://www.facebook.com/laguachafitadelleras;3122846;Norte;6.221692108;-75.58392429
58;15' minutos de Fama;Cra 35 # 8A - 25;Parque Lleras;Bar;Vamos a seguir demostrando que somos la mejor discoteca urbana de Medellin.;Urbano;$$;Martes a Domingo: 12PM a 4AM;4.1;https://www.facebook.com/15minutosdefama;301 5972588;Occidente;6.222533043;-75.59798769
59;Barrio Central Cafe Bar;Circular 2 # 68 - 123;Laureles;Bar - Café;Barrio Central Cafe Bar ven y disfruta de nuestro jardin exterior, con ambiente relajado Cafe Bar with a great vibe, music drinks and snacks come and enjoy;Rock;$$;Miércoles a Sábado: 9PM a 3AM;4.6;https://barriocentralcafebar.business.site/?fbclid=IwAR2-FLke9wDqPs1mvA0EcvD6BFOBsnhetqUimlwS8uTGVfo73SB2x-Gtv_g;5407965;Occidente;6.220010232;-75.59788195
60;Bar Chiquita;Cra. 37 #10-37;Parque Lleras;Bar;CHIQUITA ha llegado a cautivarte con sus múltiples personalidades y gustos musicales y te está esperando en su estridente guarida.;House;$$$;Miércoles a Sábado: 9PM a 3AM;4.5;https://www.facebook.com/BarChiquita/;304 2185842;Occidente;6.240963212;-75.57595855
61;Patrick'S Irish Pub;Cra. 37A # 8 - 43;Parque Lleras;Bar - Restaurante;Patrick'S Irish Pub es un lugar de encuentro con amigos después una jornada laboral, allí te encuentras para poner un cable a tierra después de soportar el ritmo citadino. También es un lugar especial para hacer nuevas amistades y por qué no, tramar una revolución como lo han sabido desde siempre sus creadores.;Rock;$$;Martes a Domingo: 5PM a 4AM;4.3;http://www.irishpub.com.co/?fbclid=IwAR3xJteo-_EigmcSdfE6y5jdt_Cc-kiE2uqD5H7eqB3uUF3jTq_1UIGRsCo;3115607;Occidente;6.222533043;-75.59798769
62;Sinko Bar;Carrera 43A # 6S-26 L-301;Poblado;Bar - Restaurante;Un espacio vanguardista y a la moda pensado exclusivamente para que te relajes y sientas las tardes y noches de la ciudad. Unicamente para ti.;Crossover;$$$;Lunes a Domingo: 9PM a 2AM;4.5;http://sinko.com.co/;448 6005;Occidente;6.266119695;-75.57433721
63;37 Park Medellín;Carrera 37 # 8A - 04 Vía primavera;Poblado;Bar - Restaurante;Naturaleza, amigos y diversión. Un lugar lleno de sabores en Vía Primavera. ;Clasica;$$$;Lunes a Domingo: 5PM a 2AM;4.5;https://www.facebook.com/37parkmedellin/;320 2580283;Occidente;6.288776262;-75.5728921
64;La Sagrada Tienda Fonda;Cra 38 # 8 - 42;Parque Lleras;Bar;Experiencias gastronómicas Medellin Callejeros - Restaurantes - Bares - Caseros ;Crossover;$$$;Lunes a Domingo: 5PM a 2AM;4.2;https://www.facebook.com/Quecomermedellinoficial/;316 8300383;Occidente;6.299146376;-75.58022339
65;Colorín Colorado;Cra 43G # 42;Colombia;Bar - Restaurante;Es un lugar increíble! Los cócteles son deliciosos y con buena cantidad de licor, tienen variedad de cervezas y el ambiente es buenísimo. La música es muy buena, es definitivamente un bar único en esta zona. Con nuestra piscina de pelotas pasarás ratos de los más agradable. Ven y disfruta de la toda la diversión que te ofrecemos.;Crossover;$$$$;Lunes a Domingo: 5PM a 2AM;4.0;https://es.restaurantguru.com/Disco-Bar-Colorin-Colorado-Medellin;2621897;Occidente;6.22085117;-75.58603909
66;Penal 49;Calle 49 # 30 10;Centro;Discoteca;Vamos a seguir demostrando que somos la mejor discoteca urbana de Medellin.;Urbano;$$$;Jueves a Sábado: 9PM a 4AM;4.1;https://www.facebook.com/pages/Penal-49/123751488265570;304 4808925;Occidente;6.217487409;-75.5895285
67;Discoteca Fase II;Cra. 44 # 30 - 27;Centro;Club - Discoteca;Sabemos que te gusta disfrutar de momentos agradables, por eso queremos que te entretengas en una fiesta que además de segura tiene las mujeres más lindas de la ciudad.;Crossover;$$$$;Lunes a Domingo: 9PM a 2AM;3.8;https://clubfasedos.com/site/;311 5415228;Occidente;6.222533043;-75.59798769
68;La Pascasia;Cra. 42 # 46 - 46;Centro;Bar - Discoteca;Céntrico lugar de coincidencia de artistas, concurrentes y paisanos. Garita de Música Corriente y Grupo Hangar.;Salsa;$$$;Martes a Domingo: 5PM a 4AM;4.2;https://www.facebook.com/casapascasia/;5808660;Occidente;6.222533043;-75.59798769
69;Discoteca Koko Bongo;Avenida 33 # 74E - 30;Laureles;Discoteca - Club;Centro de Eventos Rumba + Arte Shows Artistiscos en Vivo Fiesta crossover;Crossover;$$;Miércoles a Domingo: 8PM a 4AM;4.1;https://www.facebook.com/kokobongomedellin/;305 7430020;Occidente;6.266119695;-75.57433721
70;SkyBar;Cra. 38 #8-83;Parque Lleras;Bar;SkyBar Medellín es una discoteca bar con un estilo y ambiente único en la ciudad, ubicada en el corazón de la rumba en Medellín, en el Parque Lleras del Poblado (Zona peatonal). Nuestro bar se caracteriza por su amplio rango cultural, cada día de nuestra semana tiene un concepto único que transmite magia y una excelente energía. Ademas contamos con una carta de gran variedad donde podrás encontrar: shots, cócteles, licores nacionales e importados, cervezas nacionales, cervezas importadas, jugos, limonadas, peceras, micheladas, carta de comida, para picar, hamburguesas artesanales, alitas, papitas fritas y muchas cosas más.;Urbana;$$;Martes a Domingo: 4PM a 2AM;4.3;https://skybarmedellin.com/;301 5624911;Sur;6.288776262;-75.5728921
71;CONEJO SUCIO / 9-20;Calle 9 # 40-20;Parque Lleras;Discoteca;ZONA DE PERREO PERREO, CHUPE Y BAILOTEO;Urbana;$$;Lunes a Domingo: 9PM a 2AM;4.2;https://www.facebook.com/conejosucio/;300 7073614;Sur;6.285903424;-75.55868771
72;Mr. Cocktail;Cl 10A #40-27;Parque Lleras;Discoteca;LOS MEJORES CÓCTELES DE LA CIUDAD DE MEDELLIN POR TRADICIÓN Y CALIDAD CON UNA EXCLUSIVA RECETA QUE ARAN QUE TU PASO POR MR COCKTAILS SEA UNA GRAN EXPERIENC;Urbana;$$$$;Miércoles a Domingo: 8PM a 4AM;4.0;https://www.facebook.com/pages/category/Wine--Beer---Spirits-Store/MR-Cocktails-Medellin-649907561775450/;304 4966333;Sur;6.222533043;-75.59798769
